rank	sample	Weighted UniFrac error	Unweighted UniFrac error	L1 norm error	Completeness	Purity	F1 score	True positives	False positives	False negatives	Taxon counts	Jaccard index	Shannon diversity	Shannon equitability	Bray-Curtis distance	Purity (unfiltered)	F1 score (unfiltered)	True positives (unfiltered)	False positives (unfiltered)
superkingdom	1	11.773862323402478	1641.516853015765	0.3635051463723373	0.5	0.5	0.5	1.0	1.0	1.0	2.0	0.3333333333333333	0.14561541648255377	0.21007863923636136	0.18175257318616864	0.5	0.5	1.0	1.0
phylum	1	11.773862323402478	1641.516853015765	0.5272110280974048	0.8333333333333334	0.4	0.5405405405405406	4.0	6.0	1.0	12.0	0.38461538461538464	1.7662250638198547	0.7107812536823225	0.2636055140487024	0.4166666666666667	0.5555555555555556	5.0	7.0
class	1	11.773862323402478	1641.516853015765	1.021892459261495	0.9166666666666666	0.5555555555555556	0.6918238993710691	10.0	8.0	1.0	21.0	0.5	2.533212615528064	0.8320558206896655	0.5109462296307475	0.5238095238095238	0.6666666666666667	11.0	10.0
order	1	11.773862323402478	1641.516853015765	1.1139568799477229	0.8571428571428571	0.3870967741935484	0.5333333333333333	12.0	19.0	2.0	38.0	0.3	2.8639543894392876	0.7873227639657366	0.5569784399738614	0.3157894736842105	0.46153846153846156	12.0	26.0
family	1	11.773862323402478	1641.516853015765	1.523286417037648	0.6875	0.21568627450980393	0.3283582089552239	11.0	40.0	5.0	62.0	0.16417910447761194	3.5734421266804643	0.8658409911799909	0.7616432085188239	0.1774193548387097	0.28205128205128205	11.0	51.0
genus	1	11.773862323402478	1641.516853015765	1.8022245432418396	0.18181818181818182	0.05714285714285714	0.08695652173913043	4.0	66.0	18.0	82.0	0.04	3.8863557943564024	0.8819159053005478	0.9011122716209194	0.04878048780487805	0.07692307692307693	4.0	78.0
species	1	11.773862323402478	1641.516853015765	1.9368376953028732	0.13043478260869565	0.03614457831325301	0.056603773584905655	3.0	80.0	20.0	96.0	0.02586206896551724	4.056545587792119	0.8887458663594167	0.9684188476514367	0.03125	0.05042016806722689	3.0	93.0
strain	1	11.773862323402478	1641.516853015765	2.0000000000000004	0.0	0.0	na	0.0	78.0	60.0	90.0	0.0	3.9894174913840756	0.8865747184127615	1.0	0.0	na	0.0	90.0
