rank	sample	Weighted UniFrac error	Unweighted UniFrac error	L1 norm error	Completeness	Purity	F1 score	True positives	False positives	False negatives	Taxon counts	Jaccard index	Shannon diversity	Shannon equitability	Bray-Curtis distance	Purity (unfiltered)	F1 score (unfiltered)	True positives (unfiltered)	False positives (unfiltered)
superkingdom	1	8.56883965006313	1054.0698170670935	0.3633196700497119	1.0	1.0	1.0	1.0	0.0	0.0	2.0	1.0	0.0009538754345180249	0.0013761513590049598	0.18165983502485594	1.0	1.0	2.0	0.0
phylum	1	8.56883965006313	1054.0698170670935	0.3133265003452388	1.0	1.0	1.0	6.0	0.0	0.0	6.0	1.0	1.6511802326618825	0.9215412341999575	0.15666325017261942	1.0	1.0	6.0	0.0
class	1	8.56883965006313	1054.0698170670935	0.6263626305100938	0.9166666666666666	0.9	0.908256880733945	9.0	1.0	1.0	12.0	0.8461538461538461	2.2347366022967288	0.8993241667599002	0.3131813152550469	0.9166666666666666	0.9166666666666666	11.0	1.0
order	1	8.56883965006313	1054.0698170670935	0.8909092441117882	0.8571428571428571	0.7692307692307693	0.8108108108108107	10.0	3.0	2.0	17.0	0.631578947368421	2.3153167046048138	0.8172052095766472	0.4454546220558942	0.7058823529411765	0.7741935483870968	12.0	5.0
family	1	8.56883965006313	1054.0698170670935	0.7203809605581393	0.9375	0.8461538461538461	0.8894878706199459	11.0	2.0	1.0	23.0	0.625	2.246878553647855	0.7165947053045452	0.3601904802790695	0.6521739130434783	0.7692307692307693	15.0	8.0
genus	1	8.56883965006313	1054.0698170670935	0.5794254478805039	0.8181818181818182	0.8235294117647058	0.8208469055374593	14.0	3.0	4.0	29.0	0.5454545454545454	2.4351858170134535	0.7231873705088855	0.2897127239402519	0.6206896551724138	0.7058823529411765	18.0	11.0
species	1	8.56883965006313	1054.0698170670935	1.5463725546412492	0.8260869565217391	0.43902439024390244	0.5733445096395641	18.0	23.0	4.0	108.0	0.16964285714285715	2.5491249913061833	0.5444368958603204	0.7731862773206248	0.17592592592592593	0.29007633587786263	19.0	89.0
strain	1	8.56883965006313	1054.0698170670935	1.8407009557942633	0.15	0.21951219512195122	0.17821782178217824	9.0	32.0	51.0	108.0	0.05660377358490566	2.5491249913061833	0.5444368958603204	0.9203504778971323	0.08333333333333333	0.10714285714285714	9.0	99.0
