rank	sample	Weighted UniFrac error	Unweighted UniFrac error	L1 norm error	Completeness	Purity	F1 score	True positives	False positives	False negatives	Taxon counts	Jaccard index	Shannon diversity	Shannon equitability	Bray-Curtis distance	Purity (unfiltered)	F1 score (unfiltered)	True positives (unfiltered)	False positives (unfiltered)
superkingdom	1	9.890727222205918	8954.270681023794	0.3635051463723374	0.5	0.3333333333333333	0.4	1.0	2.0	1.0	3.0	0.25	0.21909661617540732	0.19943033446405978	0.1817525731861687	0.3333333333333333	0.4	1.0	2.0
phylum	1	9.890727222205918	8954.270681023794	0.45211589628482346	1.0	0.25	0.4	6.0	18.0	0.0	34.0	0.17647058823529413	2.033604848562735	0.5766865963837007	0.22605794814241179	0.17647058823529413	0.3	6.0	28.0
class	1	9.890727222205918	8954.270681023794	0.6765629711907738	1.0	0.3548387096774194	0.5238095238095238	11.0	20.0	0.0	44.0	0.2727272727272727	2.735578104941353	0.7228966752675274	0.3382814855953869	0.2727272727272727	0.42857142857142855	12.0	32.0
order	1	9.890727222205918	8954.270681023794	0.920354703099253	1.0	0.18309859154929578	0.30952380952380953	13.0	58.0	0.0	93.0	0.15053763440860216	3.2283444898683977	0.7122501105039154	0.4601773515496265	0.15053763440860216	0.2616822429906542	14.0	79.0
family	1	9.890727222205918	8954.270681023794	1.426605560804439	0.8125	0.08904109589041095	0.16049382716049382	13.0	133.0	3.0	184.0	0.06951871657754011	4.332105538579754	0.8307111995116879	0.7133027804022191	0.07065217391304347	0.13	13.0	171.0
genus	1	9.890727222205918	8954.270681023794	1.5484629842363862	0.5454545454545454	0.03225806451612903	0.06091370558375635	12.0	360.0	10.0	448.0	0.026200873362445413	5.095146204067387	0.8346140499916336	0.7742314921181932	0.026785714285714284	0.05106382978723404	12.0	436.0
species	1	9.890727222205918	8954.270681023794	1.815867917249646	0.34782608695652173	0.011093502377179081	0.021501247840276443	7.0	624.0	15.0	765.0	0.010256410256410256	5.557074632696008	0.8369244804828656	0.907933958624822	0.01045751633986928	0.02030456852791878	8.0	757.0
strain	1	9.890727222205918	8954.270681023794	na	0.0	0.0	na	0.0	0.0	60.0	0.0	0.0	na	na	na	0.0	na	0.0	0.0
