rank	sample	Weighted UniFrac error	Unweighted UniFrac error	L1 norm error	Completeness (recall)	Purity (precision)	F1 score	True positives	False positives	False negatives	Taxon counts	Jaccard index	Shannon diversity	Shannon equitability	Bray-Curtis distance
superkingdom	1	8.852547449790942	521.0083414435151	0.3635051463723374	0.5	1.0	0.6666666666666666	1.0	0.0	1.0	1.0	0.5	0.0	0.0	0.1817525731861687
phylum	1	8.852547449790942	521.0083414435151	0.4556272844868364	1.0	1.0	1.0	6.0	0.0	0.0	6.0	1.0	1.5971801774241032	0.8914032295373985	0.22781364224341819
class	1	8.852547449790942	521.0083414435151	0.6405001087303325	0.9166666666666666	0.9166666666666666	0.9166666666666666	11.0	1.0	1.0	12.0	0.8461538461538461	2.220358926432044	0.8935381643497448	0.32025005436516624
order	1	8.852547449790942	521.0083414435151	0.9184516100217356	0.8571428571428571	0.8	0.8275862068965518	12.0	3.0	2.0	15.0	0.7058823529411765	2.3098876684028706	0.8529707711706074	0.4592258050108678
family	1	8.852547449790942	521.0083414435151	0.8593659032337553	0.9375	0.7894736842105263	0.8571428571428572	15.0	4.0	1.0	19.0	0.75	2.253193199222882	0.7652368465318825	0.42968295161687764
genus	1	8.852547449790942	521.0083414435151	0.6657835116295927	0.8636363636363636	0.8260869565217391	0.8444444444444444	19.0	4.0	3.0	23.0	0.7307692307692307	2.4317112812906196	0.7755432202479837	0.33289175581479635
species	1	8.852547449790942	521.0083414435151	1.546283334375225	0.8260869565217391	0.48717948717948717	0.6129032258064516	19.0	20.0	4.0	39.0	0.4418604651162791	2.481533285805507	0.6773554058868129	0.7731416671876121
strain	1	8.852547449790942	521.0083414435151	2.0000000000000004	0.0	0.0	na	0.0	14.0	60.0	14.0	0.0	1.055631071604236	0.4000030843430498	1.0
