rank	sample	Weighted UniFrac error	Unweighted UniFrac error	L1 norm error	Completeness (recall)	Purity (precision)	F1 score	True positives	False positives	False negatives	Taxon counts	Jaccard index	Shannon diversity	Shannon equitability	Bray-Curtis distance
superkingdom	1	10.641116143489896	636.4419395187896	0.3635051463723374	0.5	1.0	0.6666666666666666	1.0	0.0	1.0	1.0	0.5	0.0	0.0	0.1817525731861687
phylum	1	10.641116143489896	636.4419395187896	0.6297618186139377	0.6666666666666666	1.0	0.8	4.0	0.0	2.0	4.0	0.6666666666666666	1.1087847190574975	0.7998191077988571	0.31488090930696877
class	1	10.641116143489896	636.4419395187896	0.6840321350978412	0.75	0.9	0.8181818181818182	9.0	1.0	3.0	10.0	0.6923076923076923	1.8798531072379843	0.8164098312621384	0.34201606754892055
order	1	10.641116143489896	636.4419395187896	0.9707062967258837	0.6428571428571429	0.75	0.6923076923076924	9.0	3.0	5.0	12.0	0.5294117647058824	1.962036844470656	0.789581711102929	0.4853531483629419
family	1	10.641116143489896	636.4419395187896	1.2375178646999432	0.75	0.75	0.75	12.0	4.0	4.0	16.0	0.6	1.881073391874313	0.6784538135013133	0.6187589323499715
genus	1	10.641116143489896	636.4419395187896	0.9286332049503665	0.6363636363636364	0.7777777777777778	0.7000000000000001	14.0	4.0	8.0	18.0	0.5384615384615384	2.0157203875063026	0.697391393338793	0.46431660247518314
species	1	10.641116143489896	636.4419395187896	1.767198078672277	0.5652173913043478	0.4482758620689655	0.4999999999999999	13.0	16.0	10.0	29.0	0.3333333333333333	2.0812219569890327	0.6180692348012062	0.8835990393361383
strain	1	10.641116143489896	636.4419395187896	2.0000000000000004	0.0	0.0	na	0.0	18.0	60.0	18.0	0.0	1.0026493257682856	0.34689286007212133	1.0
