rank	sample	Weighted UniFrac error	Unweighted UniFrac error	L1 norm error	Completeness	Purity	F1 score	True positives	False positives	False negatives	Taxon counts	Jaccard index	Shannon diversity	Shannon equitability	Bray-Curtis distance	Purity (unfiltered)	F1 score (unfiltered)	True positives (unfiltered)	False positives (unfiltered)
superkingdom	1	11.443238652415285	6160.687593276241	0.3635051463723372	0.5	1.0	0.6666666666666666	1.0	0.0	1.0	2.0	0.3333333333333333	0.020965325389330856	0.030246570969811103	0.1817525731861686	0.5	0.5	1.0	1.0
phylum	1	11.443238652415285	6160.687593276241	0.7869624018612281	1.0	0.8571428571428571	0.923076923076923	6.0	1.0	0.0	23.0	0.2608695652173913	1.256084489561436	0.4006017562335758	0.39348120093061395	0.2608695652173913	0.41379310344827586	6.0	17.0
class	1	11.443238652415285	6160.687593276241	0.9407287865657921	0.9166666666666666	0.7333333333333333	0.8148148148148148	11.0	4.0	1.0	40.0	0.2682926829268293	2.063596806089361	0.5594102034936336	0.4703643932828962	0.275	0.4230769230769231	11.0	29.0
order	1	11.443238652415285	6160.687593276241	0.9524729605711468	0.8571428571428571	0.27906976744186046	0.4210526315789474	12.0	31.0	2.0	89.0	0.13186813186813187	2.289155493333846	0.5099890712400148	0.47623648028557314	0.1348314606741573	0.23300970873786406	12.0	77.0
family	1	11.443238652415285	6160.687593276241	1.0465573575342766	0.8125	0.1111111111111111	0.19548872180451127	13.0	104.0	3.0	178.0	0.0718232044198895	2.9515516393925068	0.5696014915995739	0.5232786787671373	0.07303370786516854	0.13402061855670103	13.0	165.0
genus	1	11.443238652415285	6160.687593276241	1.7600711054684401	0.2727272727272727	0.024	0.044117647058823525	6.0	244.0	16.0	343.0	0.016713091922005572	3.469360191331709	0.5942994838029888	0.8800355527342208	0.01749271137026239	0.03287671232876713	6.0	337.0
species	1	11.443238652415285	6160.687593276241	1.9346309464600215	0.17391304347826086	0.01038961038961039	0.0196078431372549	4.0	381.0	19.0	478.0	0.008048289738430584	3.6336609784399925	0.5889611413089301	0.9673154732300082	0.008368200836820083	0.015968063872255488	4.0	474.0
strain	1	11.443238652415285	6160.687593276241	na	0.0	0.0	na	0.0	0.0	60.0	0.0	0.0	na	na	na	0.0	na	0.0	0.0
