tool	sample	Weighted UniFrac error	Unweighted UniFrac error	L1 norm error	Completeness (recall)	Purity (precision)	F1 score	True positives	False positives	False negatives	Taxon counts	Jaccard index	Shannon diversity	Shannon equitability	Bray-Curtis distance
sourmash	1	8.85254744979094	521.0083414435152	0.6405001087303325	0.9166666666666666	0.9166666666666666	0.9166666666666666	11.0	1.0	1.0	12.0	0.8461538461538461	2.220358926432044	0.8935381643497448	0.32025005436516624
Metalign	1	8.568839650063127	1054.0698170670935	0.6263626305100938	0.9166666666666666	0.9166666666666666	0.9166666666666666	11.0	1.0	1.0	12.0	0.8461538461538461	2.2347366022967288	0.8993241667599002	0.31318131525504694
Quikr	1	9.89072722220592	8954.270681023794	0.6765629711907738	1.0	0.2727272727272727	0.42857142857142855	12.0	32.0	0.0	44.0	0.2727272727272727	2.735578104941353	0.7228966752675274	0.3382814855953869
MetaPhyler	1	10.905558150053718	12063.829811168429	0.7157604617814924	0.9166666666666666	0.2619047619047619	0.4074074074074074	11.0	31.0	1.0	42.0	0.2558139534883721	2.266901419626633	0.606501283189329	0.3578802308907461
MP2.0	1	12.850184554915032	773.200568181443	1.4404057735525735	0.5	1.0	0.6666666666666666	6.0	0.0	6.0	6.0	0.5	1.3785074089966072	0.7693596337406329	0.7202028867762869
TIPP	1	11.443238652415252	6160.687593276241	0.9407287865657925	0.9166666666666666	0.275	0.4230769230769231	11.0	29.0	1.0	40.0	0.2682926829268293	2.063596806089361	0.53306371853974	0.4703643932828962
CLARK	1	10.190240322419521	9760.42068504106	1.182655176489825	1.0	0.2033898305084746	0.33802816901408456	12.0	47.0	0.0	59.0	0.2033898305084746	1.8782763624229826	0.4606398808747302	0.5913275882449126
FOCUS	1	11.773862323402481	1641.516853015766	1.0218924592614953	0.9166666666666666	0.5238095238095238	0.6666666666666667	11.0	10.0	1.0	21.0	0.5	2.533212615528064	0.8320558206896655	0.5109462296307477
mOTU	1	13.154049107271467	2469.0194102137866	1.574908331261981	0.75	0.9	0.8181818181818182	9.0	1.0	3.0	10.0	0.6923076923076923	1.1332053466870464	0.49214482892944567	0.7874541656309905
