tool	sample	Weighted UniFrac error	Unweighted UniFrac error	L1 norm error	Completeness	Purity	F1 score	True positives	False positives	False negatives	Taxon counts	Jaccard index	Shannon diversity	Shannon equitability	Bray-Curtis distance	Purity (unfiltered)	F1 score (unfiltered)	True positives (unfiltered)	False positives (unfiltered)
sourmash	1	8.85254744979094	521.0083414435152	0.6405001087303325	0.9166666666666666	0.9	0.908256880733945	9.0	1.0	1.0	12.0	0.8461538461538461	2.220358926432044	0.8935381643497448	0.3202500543651663	0.9166666666666666	0.9166666666666666	11.0	1.0
Metalign	1	8.56883965006313	1054.0698170670935	0.6263626305100938	0.9166666666666666	0.9	0.908256880733945	9.0	1.0	1.0	12.0	0.8461538461538461	2.2347366022967288	0.8993241667599002	0.3131813152550469	0.9166666666666666	0.9166666666666666	11.0	1.0
Quikr	1	9.890727222205918	8954.270681023794	0.6765629711907738	1.0	0.3548387096774194	0.5238095238095238	11.0	20.0	0.0	44.0	0.2727272727272727	2.735578104941353	0.7228966752675274	0.3382814855953869	0.2727272727272727	0.42857142857142855	12.0	32.0
MetaPhyler	1	10.905558150053686	12063.829811168427	0.7157604617814922	0.9166666666666666	0.6875	0.7857142857142857	11.0	5.0	1.0	42.0	0.2558139534883721	2.266901419626633	0.606501283189329	0.3578802308907461	0.2619047619047619	0.4074074074074074	11.0	31.0
MP2.0	1	12.850184554915034	773.2005681814431	1.4404057735525737	0.5	1.0	0.6666666666666666	5.0	0.0	6.0	6.0	0.5	1.3785074089966072	0.7693596337406329	0.7202028867762869	1.0	0.6666666666666666	6.0	0.0
TIPP	1	11.443238652415285	6160.687593276241	0.9407287865657921	0.9166666666666666	0.7333333333333333	0.8148148148148148	11.0	4.0	1.0	40.0	0.2682926829268293	2.063596806089361	0.5594102034936336	0.4703643932828962	0.275	0.4230769230769231	11.0	29.0
CLARK	1	10.190240322419516	9760.420685041063	1.1826551764898252	1.0	0.9166666666666666	0.9565217391304348	11.0	1.0	0.0	59.0	0.2033898305084746	1.8782763624229826	0.4606398808747302	0.5913275882449126	0.2033898305084746	0.33802816901408456	12.0	47.0
FOCUS	1	11.773862323402478	1641.516853015765	1.021892459261495	0.9166666666666666	0.5555555555555556	0.6918238993710691	10.0	8.0	1.0	21.0	0.5	2.533212615528064	0.8320558206896655	0.5109462296307475	0.5238095238095238	0.6666666666666667	11.0	10.0
mOTU	1	13.154049107271465	2469.019410213787	1.574908331261981	0.75	1.0	0.8571428571428571	5.0	0.0	3.0	10.0	0.6923076923076923	1.1332053466870464	0.49214482892944567	0.7874541656309906	0.9	0.8181818181818182	9.0	1.0
