tool	sample	Weighted UniFrac error	Unweighted UniFrac error	L1 norm error	Completeness (recall)	Purity (precision)	F1 score	True positives	False positives	False negatives	Taxon counts	Jaccard index	Shannon diversity	Shannon equitability	Bray-Curtis distance
sourmash	1	10.641116143489894	586.3986854461068	0.6840321350978412	0.75	0.9	0.8181818181818182	9.0	1.0	3.0	10.0	0.6923076923076923	1.8798531072379843	0.8164098312621384	0.34201606754892055
FOCUS	1	11.773862323402474	1641.5168530157653	1.021892459261495	0.9166666666666666	0.5238095238095238	0.6666666666666667	11.0	10.0	1.0	21.0	0.5	2.533212615528064	0.8320558206896655	0.5109462296307477
CLARK	1	10.190240322419521	9760.420685041057	1.1826551764898252	1.0	0.2033898305084746	0.33802816901408456	12.0	47.0	0.0	59.0	0.2033898305084746	1.8782763624229826	0.4606398808747302	0.5913275882449125
mOTU	1	13.15404910727146	2469.0194102137866	1.574908331261981	0.75	0.9	0.8181818181818182	9.0	1.0	3.0	10.0	0.6923076923076923	1.1332053466870464	0.49214482892944567	0.7874541656309905
MetaPhyler	1	10.905558150053729	12063.829811168429	0.7157604617814926	0.9166666666666666	0.2619047619047619	0.4074074074074074	11.0	31.0	1.0	42.0	0.2558139534883721	2.266901419626633	0.606501283189329	0.3578802308907462
MP2.0	1	12.850184554915034	773.200568181443	1.4404057735525737	0.5	1.0	0.6666666666666666	6.0	0.0	6.0	6.0	0.5	1.3785074089966072	0.7693596337406329	0.7202028867762867
Quikr	1	9.890727222205923	8954.270681023794	0.6765629711907739	1.0	0.2727272727272727	0.42857142857142855	12.0	32.0	0.0	44.0	0.2727272727272727	2.735578104941353	0.7228966752675274	0.338281485595387
TIPP	1	11.443238652415248	6160.687593276242	0.9407287865657925	0.9166666666666666	0.275	0.4230769230769231	11.0	29.0	1.0	40.0	0.2682926829268293	2.063596806089361	0.53306371853974	0.47036439328289625
