tool	sample	Weighted UniFrac error	Unweighted UniFrac error	L1 norm error	Completeness (recall)	Purity (precision)	F1 score	True positives	False positives	False negatives	Taxon counts	Jaccard index	Shannon diversity	Shannon equitability	Bray-Curtis distance
sourmash	1	8.85254744979094	521.0083414435152	0.8593659032337554	0.9375	0.7894736842105263	0.8571428571428572	15.0	4.0	1.0	19.0	0.75	2.253193199222882	0.7652368465318825	0.42968295161687775
Metalign	1	8.587752044834101	1056.0698170670935	0.720380960558139	0.9375	0.6521739130434783	0.7692307692307693	15.0	8.0	1.0	23.0	0.625	2.246878553647855	0.7165947053045452	0.36019048027906975
Quikr	1	9.89072722220593	8954.270681023796	1.4266055608044388	0.8125	0.07065217391304347	0.13	13.0	171.0	3.0	184.0	0.06951871657754011	4.332105538579754	0.8307111995116879	0.713302780402219
MetaPhyler	1	10.90555815005372	12063.829811168427	0.9312586697452994	0.8125	0.06467661691542288	0.11981566820276496	13.0	188.0	3.0	201.0	0.06372549019607843	3.4641645852742786	0.6532086397691411	0.4656293348726503
MP2.0	1	12.850184554915034	773.2005681814431	1.559748717122673	0.375	0.8571428571428571	0.5217391304347825	6.0	1.0	10.0	7.0	0.35294117647058826	1.2973066735339376	0.6666837490743058	0.7798743585613366
TIPP	1	11.443238652415253	6160.687593276243	1.0465573575342773	0.8125	0.07303370786516854	0.13402061855670103	13.0	165.0	3.0	178.0	0.0718232044198895	2.9515516393925068	0.5449588117294112	0.5232786787671373
CLARK	1	10.190240322419514	9760.42068504106	1.5731033910306145	0.8125	0.036931818181818184	0.07065217391304349	13.0	339.0	3.0	352.0	0.036619718309859155	2.2053651452146275	0.3761091172296794	0.7865516955153076
FOCUS	1	11.77386232340248	1641.5168530157655	1.5232864170376486	0.6875	0.1774193548387097	0.28205128205128205	11.0	51.0	5.0	62.0	0.16417910447761194	3.5734421266804643	0.8658409911799909	0.7616432085188239
mOTU	1	13.154049107271465	2469.0194102137866	1.6595857980643358	0.625	0.2	0.30303030303030304	10.0	40.0	6.0	50.0	0.17857142857142858	1.4102348896651922	0.36048737129316827	0.8297928990321684
