tool	sample	Weighted UniFrac error	Unweighted UniFrac error	L1 norm error	Completeness (recall)	Purity (precision)	F1 score	True positives	False positives	False negatives	Taxon counts	Jaccard index	Shannon diversity	Shannon equitability	Bray-Curtis distance
sourmash	1	8.852547449790942	521.0083414435151	0.6657835116295927	0.8636363636363636	0.8260869565217391	0.8444444444444444	19.0	4.0	3.0	23.0	0.7307692307692307	2.4317112812906196	0.7755432202479837	0.33289175581479635
Metalign	1	8.587752044834101	1056.0698170670935	0.5794254478805037	0.8181818181818182	0.6206896551724138	0.7058823529411765	18.0	11.0	4.0	29.0	0.5454545454545454	2.4351858170134535	0.7231873705088855	0.28971272394025194
Quikr	1	9.890727222205925	8954.270681023794	1.5484629842363866	0.5454545454545454	0.026785714285714284	0.05106382978723404	12.0	436.0	10.0	448.0	0.026200873362445413	5.095146204067387	0.8346140499916336	0.7742314921181931
MetaPhyler	1	10.90555815005371	12063.829811168427	1.743715742808204	0.2727272727272727	0.011494252873563218	0.022058823529411766	6.0	516.0	16.0	522.0	0.011152416356877323	4.189456125803358	0.6694916383727109	0.8718578714041019
MP2.0	1	12.850184554915034	773.200568181443	1.6585352585974806	0.3181818181818182	0.7777777777777778	0.45161290322580644	7.0	2.0	15.0	9.0	0.2916666666666667	1.5245582846818682	0.6938563769981807	0.8292676292987402
TIPP	1	11.443238652415241	6160.687593276241	1.76007110546844	0.2727272727272727	0.01749271137026239	0.03287671232876713	6.0	337.0	16.0	343.0	0.016713091922005572	3.469360191331709	0.549352893453611	0.8800355527342208
CLARK	1	10.190240322419516	9760.420685041061	1.7532165048369217	0.45454545454545453	0.006910850034554251	0.013614703880190607	10.0	1437.0	12.0	1447.0	0.006854009595613434	2.438596713269546	0.3350987632790579	0.8766082524184602
FOCUS	1	11.773862323402474	1641.5168530157653	1.8022245432418385	0.18181818181818182	0.04878048780487805	0.07692307692307693	4.0	78.0	18.0	82.0	0.04	3.8863557943564024	0.8819159053005478	0.9011122716209193
mOTU	1	13.154049107271463	2469.0194102137866	1.775657941701418	0.22727272727272727	0.050505050505050504	0.08264462809917354	5.0	94.0	17.0	99.0	0.04310344827586207	1.5092006375051465	0.32843553307123047	0.8878289708507091
