tool	sample	Weighted UniFrac error	Unweighted UniFrac error	L1 norm error	Completeness (recall)	Purity (precision)	F1 score	True positives	False positives	False negatives	Taxon counts	Jaccard index	Shannon diversity	Shannon equitability	Bray-Curtis distance
sourmash	1	10.641116143489898	636.4419395187896	0.9707062967258839	0.6428571428571429	0.75	0.6923076923076924	9.0	3.0	5.0	12.0	0.5294117647058824	1.962036844470656	0.789581711102929	0.4853531483629419
Metalign	1	8.587752044834097	1056.0698170670937	0.8909092441117883	0.8571428571428571	0.7058823529411765	0.7741935483870968	12.0	5.0	2.0	17.0	0.631578947368421	2.3153167046048138	0.8172052095766472	0.44545462205589414
MP2.0	1	12.850184554915034	773.2005681814431	1.4404042809798643	0.5	1.0	0.6666666666666666	7.0	0.0	7.0	7.0	0.5	1.4930757179885492	0.7672891365068408	0.7202021404899321
Quikr	1	9.890727222205918	8954.27068102379	0.9203547030992528	1.0	0.15053763440860216	0.2616822429906542	14.0	79.0	0.0	93.0	0.15053763440860216	3.2283444898683977	0.7122501105039154	0.4601773515496265
FOCUS	1	11.773862323402474	1641.5168530157655	1.1139568799477229	0.8571428571428571	0.3157894736842105	0.46153846153846156	12.0	26.0	2.0	38.0	0.3	2.8639543894392876	0.7873227639657366	0.5569784399738614
CLARK	1	10.190240322419525	9760.42068504106	1.185580020246435	0.9285714285714286	0.09285714285714286	0.16883116883116886	13.0	127.0	1.0	140.0	0.09219858156028368	2.0465397107170884	0.41414160226438784	0.5927900101232177
mOTU	1	13.154049107271465	2469.0194102137866	1.5828608904243415	0.7857142857142857	0.5789473684210527	0.6666666666666667	11.0	8.0	3.0	19.0	0.5	1.2905939701134483	0.4383157468180274	0.7914304452121708
MetaPhyler	1	10.90555815005369	12063.829811168429	0.7232329828246222	0.8571428571428571	0.12903225806451613	0.22429906542056074	12.0	81.0	2.0	93.0	0.12631578947368421	2.5518410254047357	0.5629972445744288	0.36161649141231117
TIPP	1	11.443238652415278	6160.687593276242	0.9524729605711467	0.8571428571428571	0.1348314606741573	0.23300970873786406	12.0	77.0	2.0	89.0	0.13186813186813187	2.289155493333846	0.4928860518086562	0.4762364802855732
