tool	sample	Weighted UniFrac error	Unweighted UniFrac error	L1 norm error	Completeness (recall)	Purity (precision)	F1 score	True positives	False positives	False negatives	Taxon counts	Jaccard index	Shannon diversity	Shannon equitability	Bray-Curtis distance
sourmash	1	8.85254744979094	521.0083414435152	0.4556272844868365	1.0	1.0	1.0	6.0	0.0	0.0	6.0	1.0	1.5971801774241032	0.8914032295373985	0.22781364224341824
Metalign	1	8.5877520448341	1056.0698170670937	0.3133265003452388	1.0	1.0	1.0	6.0	0.0	0.0	6.0	1.0	1.6511802326618825	0.9215412341999575	0.1566632501726194
Quikr	1	9.890727222205925	8954.270681023798	0.45211589628482346	1.0	0.17647058823529413	0.3	6.0	28.0	0.0	34.0	0.17647058823529413	2.033604848562735	0.5766865963837007	0.22605794814241173
MetaPhyler	1	10.905558150053684	12063.829811168427	0.4946505005532606	1.0	0.2727272727272727	0.42857142857142855	6.0	16.0	0.0	22.0	0.2727272727272727	1.3620933789470324	0.4406582567208557	0.24732525027663038
MP2.0	1	12.85018455491503	773.2005681814431	1.3548699825965826	0.5	1.0	0.6666666666666666	3.0	0.0	3.0	3.0	0.5	0.3825550236005191	0.348216588824348	0.6774349912982913
TIPP	1	11.4432386524153	6160.687593276243	0.7869624018612282	1.0	0.2608695652173913	0.41379310344827586	6.0	17.0	0.0	23.0	0.2608695652173913	1.256084489561436	0.38111245811878913	0.39348120093061406
CLARK	1	10.19024032241951	9760.420685041057	0.7245996418034598	1.0	0.13953488372093023	0.24489795918367346	6.0	37.0	0.0	43.0	0.13953488372093023	1.1145337245204674	0.29632396316007986	0.3622998209017298
FOCUS	1	11.77386232340248	1641.516853015765	0.5272110280974047	0.8333333333333334	0.4166666666666667	0.5555555555555556	5.0	7.0	1.0	12.0	0.38461538461538464	1.7662250638198547	0.7107812536823225	0.2636055140487024
mOTU	1	13.154049107271462	2469.019410213786	1.4906325363233606	0.8333333333333334	1.0	0.9090909090909091	5.0	0.0	1.0	5.0	0.8333333333333334	0.20177175756838364	0.1253678417847295	0.7453162681616803
