tool	sample	Weighted UniFrac error	Unweighted UniFrac error	L1 norm error	Completeness (recall)	Purity (precision)	F1 score	True positives	False positives	False negatives	Taxon counts	Jaccard index	Shannon diversity	Shannon equitability	Bray-Curtis distance
sourmash	1	9.641116143489896	569.9257019028562	1.767198078672277	0.5652173913043478	0.2653061224489796	0.36111111111111116	13.0	36.0	10.0	49.0	0.22033898305084745	2.336139450691687	0.600269095627519	0.8835990393361383
FOCUS	1	11.773862323402476	1641.5168530157653	1.9368376953028732	0.13043478260869565	0.03125	0.05042016806722689	3.0	93.0	20.0	96.0	0.02586206896551724	4.056545587792119	0.8887458663594167	0.9684188476514367
CLARK	1	10.190240322419518	9760.42068504106	na	0.0	0.0	na	0.0	0.0	23.0	0.0	0.0	na	na	na
mOTU	1	13.154049107271463	2469.019410213787	1.9346309464600164	0.17391304347826086	0.025	0.04371584699453552	4.0	156.0	19.0	160.0	0.0223463687150838	1.5639045088449588	0.30814797005586014	0.9673154732300081
MetaPhyler	1	10.905558150053716	12063.829811168429	1.9346309464600133	0.17391304347826086	0.0034334763948497852	0.006734006734006734	4.0	1161.0	19.0	1165.0	0.0033783783783783786	4.706150475883652	0.6665485771677441	0.967315473230008
MP2.0	1	12.850184554915032	773.2005681814431	1.9340932614627722	0.21739130434782608	1.0	0.3571428571428571	5.0	0.0	18.0	5.0	0.21739130434782608	1.1061915489696617	0.6873154536894603	0.9670466307313861
Quikr	1	9.89072722220592	8954.270681023794	1.8158679172496437	0.34782608695652173	0.01045751633986928	0.02030456852791878	8.0	757.0	15.0	765.0	0.010256410256410256	5.557074632696008	0.8369244804828656	0.9079339586248218
TIPP	1	11.443238652415248	6160.687593276241	1.9346309464600304	0.17391304347826086	0.008368200836820083	0.015968063872255488	4.0	474.0	19.0	478.0	0.008048289738430584	3.6336609784399925	0.5238583381510298	0.9673154732300082
