tool	sample	Weighted UniFrac error	Unweighted UniFrac error	L1 norm error	Completeness (recall)	Purity (precision)	F1 score	True positives	False positives	False negatives	Taxon counts	Jaccard index	Shannon diversity	Shannon equitability	Bray-Curtis distance
sourmash	1	8.852547449790942	521.0083414435151	1.546283334375224	0.8260869565217391	0.48717948717948717	0.6129032258064516	19.0	20.0	4.0	39.0	0.4418604651162791	2.481533285805507	0.6773554058868129	0.773141667187612
Metalign	1	8.587752044834097	1056.0698170670937	1.5790727638903275	0.782608695652174	0.16666666666666666	0.2748091603053435	18.0	90.0	5.0	108.0	0.1592920353982301	2.5491249913061833	0.5444368958603204	0.789536381945164
Quikr	1	9.890727222205918	8954.270681023798	1.815867917249644	0.34782608695652173	0.01045751633986928	0.02030456852791878	8.0	757.0	15.0	765.0	0.010256410256410256	5.557074632696008	0.8369244804828656	0.9079339586248221
MetaPhyler	1	10.905558150053679	12063.829811168427	1.9346309464600104	0.17391304347826086	0.0034334763948497852	0.006734006734006734	4.0	1161.0	19.0	1165.0	0.0033783783783783786	4.706150475883652	0.6665485771677441	0.9673154732300082
MP2.0	1	12.850184554915032	773.200568181443	1.9340932614627722	0.21739130434782608	1.0	0.3571428571428571	5.0	0.0	18.0	5.0	0.21739130434782608	1.1061915489696617	0.6873154536894603	0.9670466307313861
TIPP	1	11.443238652415296	6160.687593276241	1.9346309464600226	0.17391304347826086	0.008368200836820083	0.015968063872255488	4.0	474.0	19.0	478.0	0.008048289738430584	3.6336609784399925	0.5238583381510298	0.9673154732300081
CLARK	1	10.190240322419516	9760.42068504106	na	0.0	0.0	na	0.0	0.0	23.0	0.0	0.0	na	na	na
FOCUS	1	11.773862323402481	1641.5168530157655	1.936837695302874	0.13043478260869565	0.03125	0.05042016806722689	3.0	93.0	20.0	96.0	0.02586206896551724	4.056545587792119	0.8887458663594167	0.9684188476514367
mOTU	1	13.154049107271465	2469.0194102137866	1.9346309464600149	0.17391304347826086	0.025	0.04371584699453552	4.0	156.0	19.0	160.0	0.0223463687150838	1.5639045088449588	0.30814797005586014	0.9673154732300082
