tool	sample	Weighted UniFrac error	Unweighted UniFrac error	L1 norm error	Completeness (recall)	Purity (precision)	F1 score	True positives	False positives	False negatives	Taxon counts	Jaccard index	Shannon diversity	Shannon equitability	Bray-Curtis distance
sourmash	1	8.85254744979094	521.0083414435152	1.9999999999999998	0.0	0.0	na	0.0	14.0	60.0	14.0	0.0	1.055631071604236	0.4000030843430498	1.0
Metalign	1	8.587752044834101	1056.0698170670935	1.8407009557942657	0.15	0.08333333333333333	0.10714285714285714	9.0	99.0	51.0	108.0	0.05660377358490566	2.5491249913061833	0.5444368958603204	0.9203504778971325
Quikr	1	9.89072722220593	8954.270681023796	na	0.0	0.0	na	0.0	0.0	60.0	0.0	0.0	na	na	na
MetaPhyler	1	10.90555815005372	12063.829811168427	na	0.0	0.0	na	0.0	0.0	60.0	0.0	0.0	na	na	na
MP2.0	1	12.850184554915034	773.2005681814431	2.0000000000000004	0.0	0.0	na	0.0	3.0	60.0	3.0	0.0	0.7224361051192647	0.657589681611064	1.0
TIPP	1	11.443238652415253	6160.687593276243	na	0.0	0.0	na	0.0	0.0	60.0	0.0	0.0	na	na	na
CLARK	1	10.190240322419514	9760.42068504106	na	0.0	0.0	na	0.0	0.0	60.0	0.0	0.0	na	na	na
FOCUS	1	11.77386232340248	1641.5168530157655	2.0000000000000018	0.0	0.0	na	0.0	90.0	60.0	90.0	0.0	3.9894174913840756	0.8865747184127615	1.0
mOTU	1	13.154049107271465	2469.0194102137866	na	0.0	0.0	na	0.0	0.0	60.0	0.0	0.0	na	na	na
