tool	sample	Weighted UniFrac error	Unweighted UniFrac error	L1 norm error	Completeness (recall)	Purity (precision)	F1 score	True positives	False positives	False negatives	Taxon counts	Jaccard index	Shannon diversity	Shannon equitability	Bray-Curtis distance
sourmash	1	10.641116143489894	586.3986854461067	2.0000000000000013	0.0	0.0	na	0.0	18.0	60.0	18.0	0.0	1.0026493257682856	0.34689286007212133	1.0
FOCUS	1	11.77386232340248	1641.5168530157653	2.0	0.0	0.0	na	0.0	90.0	60.0	90.0	0.0	3.9894174913840756	0.8865747184127615	1.0
CLARK	1	10.190240322419518	9760.42068504106	na	0.0	0.0	na	0.0	0.0	60.0	0.0	0.0	na	na	na
mOTU	1	13.15404910727147	2469.0194102137866	na	0.0	0.0	na	0.0	0.0	60.0	0.0	0.0	na	na	na
MetaPhyler	1	10.905558150053688	12063.829811168427	na	0.0	0.0	na	0.0	0.0	60.0	0.0	0.0	na	na	na
MP2.0	1	12.850184554915034	773.2005681814431	2.000000000000001	0.0	0.0	na	0.0	3.0	60.0	3.0	0.0	0.7224361051192647	0.657589681611064	1.0
Quikr	1	9.89072722220592	8954.270681023794	na	0.0	0.0	na	0.0	0.0	60.0	0.0	0.0	na	na	na
TIPP	1	11.443238652415294	6160.687593276241	na	0.0	0.0	na	0.0	0.0	60.0	0.0	0.0	na	na	na
