tool	sample	Weighted UniFrac error	Unweighted UniFrac error	L1 norm error	Completeness	Purity	F1 score	True positives	False positives	False negatives	Taxon counts	Jaccard index	Shannon diversity	Shannon equitability	Bray-Curtis distance	Purity (unfiltered)	F1 score (unfiltered)	True positives (unfiltered)	False positives (unfiltered)
sourmash	1	8.85254744979094	521.0083414435152	2.0	0.0	0.0	na	0.0	10.0	60.0	14.0	0.0	1.055631071604236	0.4000030843430498	1.0	0.0	na	0.0	14.0
Metalign	1	8.56883965006313	1054.0698170670935	1.8407009557942633	0.15	0.21951219512195122	0.17821782178217824	9.0	32.0	51.0	108.0	0.05660377358490566	2.5491249913061833	0.5444368958603204	0.9203504778971323	0.08333333333333333	0.10714285714285714	9.0	99.0
Quikr	1	9.890727222205918	8954.270681023794	na	0.0	0.0	na	0.0	0.0	60.0	0.0	0.0	na	na	na	0.0	na	0.0	0.0
MetaPhyler	1	10.905558150053686	12063.829811168427	na	0.0	0.0	na	0.0	0.0	60.0	0.0	0.0	na	na	na	0.0	na	0.0	0.0
MP2.0	1	12.850184554915034	773.2005681814431	2.0000000000000004	0.0	0.0	na	0.0	3.0	60.0	3.0	0.0	0.7224361051192647	0.657589681611064	1.0	0.0	na	0.0	3.0
TIPP	1	11.443238652415285	6160.687593276241	na	0.0	0.0	na	0.0	0.0	60.0	0.0	0.0	na	na	na	0.0	na	0.0	0.0
CLARK	1	10.190240322419516	9760.420685041063	na	0.0	0.0	na	0.0	0.0	60.0	0.0	0.0	na	na	na	0.0	na	0.0	0.0
FOCUS	1	11.773862323402478	1641.516853015765	2.0000000000000004	0.0	0.0	na	0.0	78.0	60.0	90.0	0.0	3.9894174913840756	0.8865747184127615	1.0	0.0	na	0.0	90.0
mOTU	1	13.154049107271465	2469.019410213787	na	0.0	0.0	na	0.0	0.0	60.0	0.0	0.0	na	na	na	0.0	na	0.0	0.0
