tool	sample	Weighted UniFrac error	Unweighted UniFrac error	L1 norm error	Completeness (recall)	Purity (precision)	F1 score	True positives	False positives	False negatives	Taxon counts	Jaccard index	Shannon diversity	Shannon equitability	Bray-Curtis distance
sourmash	1	10.641116143489898	636.4419395187896	2.0000000000000004	0.0	0.0	na	0.0	18.0	60.0	18.0	0.0	1.0026493257682856	0.34689286007212133	1.0
Metalign	1	8.587752044834097	1056.0698170670937	1.8407009557942648	0.15	0.08333333333333333	0.10714285714285714	9.0	99.0	51.0	108.0	0.05660377358490566	2.5491249913061833	0.5444368958603204	0.9203504778971325
MP2.0	1	12.850184554915034	773.2005681814431	2.000000000000001	0.0	0.0	na	0.0	3.0	60.0	3.0	0.0	0.7224361051192647	0.657589681611064	1.0
Quikr	1	9.890727222205918	8954.27068102379	na	0.0	0.0	na	0.0	0.0	60.0	0.0	0.0	na	na	na
FOCUS	1	11.773862323402474	1641.5168530157655	2.0000000000000013	0.0	0.0	na	0.0	90.0	60.0	90.0	0.0	3.9894174913840756	0.8865747184127615	1.0
CLARK	1	10.190240322419525	9760.42068504106	na	0.0	0.0	na	0.0	0.0	60.0	0.0	0.0	na	na	na
mOTU	1	13.154049107271465	2469.0194102137866	na	0.0	0.0	na	0.0	0.0	60.0	0.0	0.0	na	na	na
MetaPhyler	1	10.90555815005369	12063.829811168429	na	0.0	0.0	na	0.0	0.0	60.0	0.0	0.0	na	na	na
TIPP	1	11.443238652415278	6160.687593276242	na	0.0	0.0	na	0.0	0.0	60.0	0.0	0.0	na	na	na
