tool	sample	Weighted UniFrac error	Unweighted UniFrac error	L1 norm error	Completeness (recall)	Purity (precision)	F1 score	True positives	False positives	False negatives	Taxon counts	Jaccard index	Shannon diversity	Shannon equitability	Bray-Curtis distance
sourmash	1	10.641116143489894	586.3986854461068	0.3635051463723374	0.5	1.0	0.6666666666666666	1.0	0.0	1.0	1.0	0.5	0.0	0.0	0.1817525731861687
FOCUS	1	11.773862323402474	1641.5168530157653	0.3635051463723373	0.5	0.5	0.5	1.0	1.0	1.0	2.0	0.3333333333333333	0.14561541648255377	0.21007863923636136	0.18175257318616864
CLARK	1	10.190240322419521	9760.420685041057	0.3632084761262104	1.0	0.6666666666666666	0.8	2.0	1.0	0.0	3.0	0.6666666666666666	0.009436470364435096	0.008589445486610472	0.18160423806310516
mOTU	1	13.15404910727146	2469.0194102137866	0.3635051463723374	0.5	1.0	0.6666666666666666	1.0	0.0	1.0	1.0	0.5	0.0	0.0	0.1817525731861687
MetaPhyler	1	10.905558150053729	12063.829811168429	0.3635051463723373	0.5	0.5	0.5	1.0	1.0	1.0	2.0	0.3333333333333333	0.006114987155553601	0.008822061644416889	0.18175257318616864
MP2.0	1	12.850184554915034	773.200568181443	0.3635051463723374	0.5	1.0	0.6666666666666666	1.0	0.0	1.0	1.0	0.5	0.0	0.0	0.1817525731861687
Quikr	1	9.890727222205923	8954.270681023794	0.3635051463723374	0.5	0.3333333333333333	0.4	1.0	2.0	1.0	3.0	0.25	0.21909661617540732	0.19943033446405978	0.1817525731861687
TIPP	1	11.443238652415248	6160.687593276242	0.3635051463723372	0.5	0.5	0.5	1.0	1.0	1.0	2.0	0.3333333333333333	0.020965325389330856	0.030246570969811103	0.18175257318616864
