tool	sample	Weighted UniFrac error	Unweighted UniFrac error	L1 norm error	Completeness (recall)	Purity (precision)	F1 score	True positives	False positives	False negatives	Taxon counts	Jaccard index	Shannon diversity	Shannon equitability	Bray-Curtis distance
sourmash	1	9.641116143489896	569.9257019028562	na	0.0	0.0	na	0.0	0.0	60.0	0.0	0.0	na	na	na
TIPP	1	11.4432386524153	6160.687593276241	na	0.0	0.0	na	0.0	0.0	60.0	0.0	0.0	na	na	na
Quikr	1	9.890727222205923	8954.270681023794	na	0.0	0.0	na	0.0	0.0	60.0	0.0	0.0	na	na	na
MP2.0	1	12.850184554915032	773.2005681814431	2.0	0.0	0.0	na	0.0	3.0	60.0	3.0	0.0	0.7224361051192647	0.657589681611064	1.0
MetaPhyler	1	10.905558150053693	12063.829811168429	na	0.0	0.0	na	0.0	0.0	60.0	0.0	0.0	na	na	na
mOTU	1	13.154049107271456	2469.0194102137857	na	0.0	0.0	na	0.0	0.0	60.0	0.0	0.0	na	na	na
CLARK	1	10.190240322419537	9760.420685041065	na	0.0	0.0	na	0.0	0.0	60.0	0.0	0.0	na	na	na
FOCUS	1	11.773862323402474	1641.5168530157648	2.000000000000001	0.0	0.0	na	0.0	90.0	60.0	90.0	0.0	3.9894174913840756	0.8865747184127615	1.0
